﻿<?xml version="1.0" encoding="utf-8"?>
<Root>
  <LogPath>\log\log_20240816_080749.log</LogPath>
  <LogFileTimeFormat>_yyyyMMdd_HHmmss</LogFileTimeFormat>
  <Item2>
    <ProcessName></ProcessName>
    <TimerTime>1:00:00</TimerTime>
    <RemainingTime>Remaining Time :</RemainingTime>
    <WindowsNotification>TaskBar</WindowsNotification>
    <AutoRun>0</AutoRun>
    <Action>Close</Action>
  </Item2>
  <Item1>
    <ProcessName></ProcessName>
    <TimerTime>1:00:00</TimerTime>
    <RemainingTime>Remaining Time :</RemainingTime>
    <WindowsNotification>TaskBar</WindowsNotification>
    <AutoRun>0</AutoRun>
    <Action>Close</Action>
  </Item1>
</Root>